name,phone_number
Smitty's Seafood,(504) 522-5973
Smitty's Seafood,(504) 522-5973
Smitty's Seafood,(504) 522-5973
Smitty's Seafood,(504) 522-5973
Smitty's Seafood,(504) 522-5973
Smitty's Seafood,(504) 522-5973
Smitty's Seafood,(504) 522-5973
Smitty's Seafood,(504) 522-5973
Smitty's Seafood,(504) 522-5973
Smitty's Seafood,(504) 522-5973
Smitty's Seafood,(504) 522-5973
Smitty's Seafood,(504) 522-5973
Smitty's Seafood,(504) 522-5973
Smitty's Seafood,(504) 522-5973
Smitty's Seafood,(504) 522-5973
Smitty's Seafood,(504) 522-5973
Smitty's Seafood,(504) 522-5973
Smitty's Seafood,(504) 522-5973
Smitty's Seafood,(504) 522-5973
Smitty's Seafood,(504) 522-5973
Smitty's Seafood,(504) 522-5973
Smitty's Seafood,(504) 522-5973
Smitty's Seafood,(504) 522-5973
Smitty's Seafood,(504) 522-5973
Smitty's Seafood,(504) 522-5973
Smitty's Seafood,(504) 522-5973
Smitty's Seafood,(504) 522-5973
Smitty's Seafood,(504) 522-5973
Smitty's Seafood,(504) 522-5973
Smitty's Seafood,(504) 522-5973
Smitty's Seafood,(504) 522-5973
Smitty's Seafood,(504) 522-5973
Smitty's Seafood,(504) 522-5973
Smitty's Seafood,(504) 522-5973
Smitty's Seafood,(504) 522-5973
Smitty's Seafood,(504) 522-5973
Smitty's Seafood,(504) 522-5973
Smitty's Seafood,(504) 522-5973
Smitty's Seafood,(504) 522-5973
Smitty's Seafood,(504) 522-5973
Smitty's Seafood,(504) 522-5973
Smitty's Seafood,(504) 522-5973
Smitty's Seafood,(504) 522-5973
Smitty's Seafood,(504) 522-5973
Smitty's Seafood,(504) 522-5973
Smitty's Seafood,(504) 522-5973
Smitty's Seafood,(504) 508-5678
